{
  "doc_success_rate": 1.0,
  "tables_total": 1274,
  "table_success_rate": 0.5023547880690737,
  "statement_table_rate": 0.14442700156985872,
  "table_unit_rate": 0.09968602825745683,
  "table_currency_rate": 0.09654631083202511,
  "rows_total": 2581,
  "cells_total": 7041,
  "numeric_cell_rate": 0.8576906689390712,
  "core_metric_match_rate": 0.12669507942657884,
  "meta_currency_rate": 1.0,
  "meta_units_rate": 1.0,
  "meta_period_end_rate": 1.0,
  "p95_parse_time": 3.844913959503174,
  "errors": []
}