{
  "doc_success_rate": 1.0,
  "tables_total": 213,
  "table_success_rate": 1.0,
  "statement_table_rate": 0.7136150234741784,
  "table_unit_rate": 0.28169014084507044,
  "table_currency_rate": 0.25821596244131456,
  "rows_total": 845,
  "cells_total": 2321,
  "numeric_cell_rate": 0.8660060318828091,
  "core_metric_match_rate": 0.25680473372781065,
  "meta_currency_rate": 1.0,
  "meta_units_rate": 1.0,
  "meta_period_end_rate": 1.0,
  "p95_parse_time": 4.243226051330566,
  "errors": []
}